{
  "timestamp" : "2025-12-02T23:46:34.613Z",
  "concurrency" : 4,
  "duration_seconds" : 10,
  "total_requests" : 1341,
  "successful_requests" : 1341,
  "failed_requests" : 0,
  "requests_per_second" : 133.4726784114661,
  "median_latency_ms" : 29.974083,
  "avg_latency_ms" : 29.885284732289335,
  "min_latency_ms" : 9.843209,
  "max_latency_ms" : 48.99425,
  "p95_latency_ms" : 47.949917,
  "p99_latency_ms" : 48.987875,
  "cost_estimate_usd" : 0.1341
}