{
  "timestamp" : "2025-12-30T06:00:28.798Z",
  "concurrency" : 4,
  "duration_seconds" : 10,
  "total_requests" : 1344,
  "successful_requests" : 1344,
  "failed_requests" : 0,
  "requests_per_second" : 133.81123058542414,
  "median_latency_ms" : 29.985167,
  "avg_latency_ms" : 29.832469842261904,
  "min_latency_ms" : 9.246625,
  "max_latency_ms" : 48.994291,
  "p95_latency_ms" : 47.949834,
  "p99_latency_ms" : 48.986458,
  "cost_estimate_usd" : 0.13440000000000002
}